DATE,EMRATIO,GovDebt%,Pers_Sav%,Trade_Bal(com)%,Inf%,GINI_INDEX,C_Sent(IND),DispIncCHAINED,C_Accounts%GDP,PCE(IND),NonFarmEmp%,LF_Part%,unemp%,LifeExp,USDJPY,M2chained,HOUST%,Age_Dep%,Cap_Ex%,PPI(IND),Ind Prod%,M2V_prop,Gov Def%,CO2,Corp_prof%,GPDI%,IR%,GovC+I,GDP
1913-01-01,,,,,,,,,,,,,,,,,,,,12.0250000000000000,,,,,,,,,
1914-01-01,,,,,,,,,,,,,,,,,,,,11.7416666666666667,,,,,,,,,
1915-01-01,,,,,,,,,,,,,,,,,,,,11.9666666666666667,,,,,,,,,
1916-01-01,,,,,,,,,,,,,,,,,,,,14.7500000000000000,,,,,,,,,
1917-01-01,,,,,,,,,,,,,,,,,,,,20.2583333333333333,,,,,,,,,
1918-01-01,,,,,,,,,,,,,,,,,,,,22.5833333333333333,,,,,,,,,
1919-01-01,,,,,,,,,,,,,,,,,,,,23.8833333333333333,,,,,,,,,
1920-01-01,,,,,,,,,,,,,,,,,,,,26.6250000000000000,4.72298,,,,,,,,
1921-01-01,,,,,,,,,,,,,,,,,,,,16.8166666666666667,-23.11368,,,,,,,,
1922-01-01,,,,,,,,,,,,,,,,,,,,16.6666666666666667,27.29817,,,,,,,,
1923-01-01,,,,,,,,,,,,,,,,,,,,17.3500000000000000,19.18516,,,,,,,,
1924-01-01,,,,,,,,,,,,,,,,,,,,16.8666666666666667,-6.31993,,,,,,,,
1925-01-01,,,,,,,,,,,,,,,,,,,,17.7916666666666667,10.15877,,,,,,,,
1926-01-01,,,,,,,,,,,,,,,,,,,,17.2500000000000000,5.79971,,,,,,,,
1927-01-01,,,,,,,,,,,,,,,,,,,,16.4416666666666667,-0.06802,,,,,,,,
1928-01-01,,,,,,,,,,,,,,,,,,,,16.6750000000000000,4.12244,,,,,,,,
1929-01-01,,,,,,,,,,,,,,,,,,,,16.4250000000000000,10.99461,,,,,,,,
1930-01-01,,,,,,,,,,,,,,,,,,,,14.8666666666666667,-16.92182,,,,,,,,
1931-01-01,,,,,,,,,,,,,,,,,,,,12.5666666666666667,-17.17529,,,,,,,,
1932-01-01,,,,,,,,,,,,,,,,,,,,11.1916666666666667,-21.93663,,,,,,,,
1933-01-01,,,,,,,,,,,,,,,,,,,,11.3750000000000000,18.44077,,,,,,,,
1934-01-01,,,,,,,,,,,,,,,,,,,,12.9416666666666667,8.38791,,,,,,,,
1935-01-01,,,,,,,,,,,,,,,,,,,,13.8083333333333333,15.81841,,,,,,,,
1936-01-01,,,,,,,,,,,,,,,,,,,,13.9166666666666667,18.01403,,,,,,,,
1937-01-01,,,,,,,,,,,,,,,,,,,,14.8916666666666667,9.54017,,,,,,,,
1938-01-01,,,,,,,,,,,,,,,,,,,,13.5500000000000000,-20.93071,,,,,,,,
1939-01-01,,,,,,,,,,,,,,,,,,,,13.2916666666666667,22.71563,,,,,,,,
1940-01-01,,,,,,,,,,,5.75960,,,,,,,,,13.5416666666666667,15.50895,,,,,,,,
1941-01-01,,,,,,,,,,,12.95788,,,,,,,,,15.0416666666666667,26.29319,,,,,,,,
1942-01-01,,,,,,,,,,,9.89281,,,,,,,,,17.0166666666666667,14.74680,,,,,,,,
1943-01-01,,,,,,,,,,,5.87279,,,,,,,,,17.7833333333333333,21.46625,,,,,,,,
1944-01-01,,,,,,,,,,,-1.35545,,,,,,,,,17.9083333333333333,7.49745,,,,,,,,
1945-01-01,,,,,,,,,,,-3.60001,,,,,,,,,18.2250000000000000,-14.40689,,,,,,,,
1946-01-01,,,,,,,,,,,3.04500,,,,,,,,,20.8166666666666667,-13.57554,,,,,,,,
1947-01-01,,,,,,,,,,,5.22840,,,,,,,,,25.5750000000000000,12.54086,,,,,,,559.0490000000000000,2184.6142500000000000
1948-01-01,56.6166666666666667,3.29180,,,,,,,,,2.31050,58.8416666666666667,3.7500000000000000,,,,,,,27.6833333333333333,4.22127,,,,13.07871,35.59655,,590.4820000000000000,2274.6265000000000000
1949-01-01,55.4750000000000000,5.83363,,,,,,,,,-2.44805,59.0333333333333333,6.0500000000000000,,,,,,,26.3083333333333333,-5.58650,,,,-17.38615,-22.33996,,654.1407500000000000,2261.9277500000000000
1950-01-01,56.0916666666666667,5.25689,,,,,,,,,3.30453,59.1666666666666667,5.2083333333333333,,,,,,,27.3416666666666667,15.76262,,,,30.05441,44.58113,,656.9625000000000000,2458.5317500000000000
1951-01-01,57.3166666666666667,5.60853,,,,,,,,,5.83783,59.2833333333333333,3.2833333333333333,,,,,,,30.4250000000000000,8.46234,,,,-11.42501,11.01529,,898.2635000000000000,2656.3200000000000000
1952-01-01,57.2833333333333333,4.48424,,,,,,,,,2.03840,59.0583333333333333,3.0250000000000000,,,,,,,29.6000000000000000,3.90095,,,,-3.90557,-8.73880,,1075.4767500000000000,2764.8030000000000000
1953-01-01,57.1750000000000000,5.88838,,,,,84.0666666666666667,,,,2.86487,58.8833333333333333,2.9250000000000000,,,,,,,29.1750000000000000,8.39109,,,,4.64492,5.48511,,1148.8967500000000000,2894.4117500000000000
1954-01-01,55.4833333333333333,5.76843,,,,,83.9666666666666667,,,,-2.41815,58.7833333333333333,5.5916666666666667,,,,,,,29.2583333333333333,-5.66076,,,,1.03535,-3.88274,,1075.0637500000000000,2877.7077500000000000
1955-01-01,56.6250000000000000,3.59665,,,,,98.2333333333333333,,,,3.36051,59.2250000000000000,4.3666666666666667,,,,,,,29.3583333333333333,12.78949,,,,26.47153,27.01226,1.7886027397260274,1040.2647500000000000,3083.0257500000000000
1956-01-01,57.5000000000000000,11.66519,,63.09836,,,99.4333333333333333,,,,3.41271,59.9666666666666667,4.1250000000000000,,,,,,,30.2833333333333333,4.32603,,,,4.66422,5.32711,2.7295901639344262,1042.7572500000000000,3148.7650000000000000
1957-01-01,57.0666666666666667,11.90503,,38.08678,,,88.3000000000000000,,,,0.93151,59.6250000000000000,4.3000000000000000,,,,,,,31.1750000000000000,1.42409,,,,-2.32324,-1.51769,3.1053424657534247,1090.7807500000000000,3215.0652500000000000
1958-01-01,55.4250000000000000,1.48515,,-45.47807,,,83.4000000000000000,,,,-2.89338,59.4916666666666667,6.8416666666666667,,,,,,,31.5916666666666667,-6.48358,,,,-12.28423,-7.26229,1.5723561643835616,1127.2827500000000000,3191.2160000000000000
1959-01-01,56.0416666666666667,13.89746,10.3333333333333333,-65.14534,,,94.5500000000000000,2358.2166666666666667,,2.3862,3.78676,59.2750000000000000,5.4500000000000000,,,1006.1500000000000000,,,,31.6666666666666667,11.95621,1.7785000000000000,,,24.62908,20.74808,3.3100821917808219,1155.7630000000000000,3412.4212500000000000
1960-01-01,56.1000000000000000,21.30059,10.0666666666666667,266.29331,1.45797598627783,,95.1500000000000000,2419.8000000000000000,0.52078580000000000000,2.49185,1.72702,59.4166666666666667,5.5416666666666667,69.7707317073171,,1028.4500000000000000,-18.19366,15.3957414944803,,31.6833333333333333,2.25827,1.7827500000000000,,,-3.53217,0.94404,3.2117486338797814,1163.0920000000000000,3500.2725000000000000
1961-01-01,55.3666666666666667,0.16573,11.2833333333333333,20.14871,1.07072414764754,,94.0750000000000000,2504.8416666666666667,0.68256382500000002500,2.56941,-0.35194,59.3250000000000000,6.6916666666666667,70.2707317073171,,1086.3083333333333333,4.41879,15.5752613547294,3.57111,31.5750000000000000,0.66535,1.7307500000000000,-291.67604,,-0.83287,0.12200,1.9496712328767123,1226.0910000000000000,3590.0662500000000000
1962-01-01,55.5083333333333333,8.67563,11.2000000000000000,-15.09631,1.19877334820149,,95.4750000000000000,2626.6916666666666667,0.56015815000000002000,2.72805,2.87739,58.7666666666666667,5.5666666666666667,70.119512195122,,1157.1500000000000000,11.21489,15.658327712649,8.06918,31.6500000000000000,8.33407,1.7252500000000000,-16.82805,,13.26988,12.00402,2.7103013698630137,1306.5052500000000000,3810.1232500000000000
1963-01-01,55.3500000000000000,7.59251,10.7333333333333333,13.19575,1.23966942148761,37.6,95.2250000000000000,2725.8333333333333333,0.69086719999999997500,2.87445,1.98918,58.6583333333333333,5.6416666666666667,69.9170731707317,,1239.0916666666666667,8.89562,15.759153616408,6.46517,31.5750000000000000,6.12787,1.6792500000000000,-18.01023,,8.40197,6.50464,3.1787397260273973,1338.2517500000000000,3976.1417500000000000
1964-01-01,55.6666666666666667,7.61043,11.5916666666666667,33.59497,1.27891156462591,38.1,99.6250000000000000,2919.2833333333333333,0.99775580000000000000,3.08964,2.86729,58.7166666666666667,5.1583333333333333,70.1658536585366,,1318.6583333333333333,-3.01679,15.8800998622686,8.17651,31.6333333333333333,6.73223,1.6727500000000000,12.73666,,15.27993,8.58474,3.4960928961748634,1371.1292500000000000,4205.2772500000000000
1965-01-01,56.1666666666666667,6.29467,11.4416666666666667,-25.05989,1.58516926383662,37.5,103.4250000000000000,3100.6833333333333333,0.73224880000000000000,3.33298,4.25440,58.8333333333333333,4.5083333333333333,70.2146341463415,,1403.2333333333333333,-4.61455,15.9590019442031,9.45917,32.2666666666666667,9.93754,1.6775000000000000,-13.30153,,18.87271,15.59851,4.0767671232876712,1415.0482500000000000,4478.5552500000000000
1966-01-01,56.9250000000000000,8.99312,11.1583333333333333,-28.90716,3.01507537688433,37.8,93.8000000000000000,3265.7333333333333333,0.37371877500000000500,3.611,5.16806,59.1500000000000000,3.7916666666666667,70.2121951219512,,1451.6833333333333333,-20.61025,15.9201795745393,9.42399,33.3083333333333333,8.84754,1.7255000000000000,26.15012,,9.01780,11.21653,5.1143561643835616,1538.2900000000000000,4773.9312500000000000
1967-01-01,57.2583333333333333,8.22641,12.3250000000000000,9.29604,2.77278562259309,36.9,94.9750000000000000,3408.9000000000000000,0.30118005000000000750,3.81227,2.98386,59.5666666666666667,3.8416666666666667,70.5609756097561,,1508.7666666666666667,10.14431,15.9220339783272,3.46664,33.4000000000000000,2.15859,1.7082500000000000,26.8714,,-2.64866,-1.03268,4.2164383561643836,1660.3965000000000000,4904.8637500000000000
1968-01-01,57.5083333333333333,11.95112,11.3333333333333333,-75.49531,4.27179615288544,36.3,93.4250000000000000,3563.9083333333333333,0.06611530750000000000,4.18973,3.17166,59.6250000000000000,3.5583333333333333,69.9512195121951,,1567.1333333333333333,17.02555,15.923958137713,8.71974,34.2333333333333333,5.55491,1.7250000000000000,121.70265,,7.29619,9.96507,5.6618852459016393,1716.8357500000000000,5145.9142500000000000
1969-01-01,57.9666666666666667,11.86054,10.9000000000000000,27.66340,5.46238620028745,36.0,88.9500000000000000,3684.5416666666666667,0.03834753249999999500,4.54192,3.65763,60.0750000000000000,3.4916666666666667,70.5073170731708,,1577.8416666666666667,-1.12509,15.8418732971365,8.12238,35.5916666666666667,4.64217,1.7582500000000000,-133.89578,,-1.72491,10.60614,8.2143013698630137,1718.4362500000000000,5306.5945000000000000
1970-01-01,57.3916666666666667,21.35887,12.8000000000000000,118.63942,5.83825533848245,36.6,75.8750000000000000,3854.7916666666666667,0.21785689000000000000,4.86602,0.69855,60.3833333333333333,4.9833333333333333,70.8073170731707,,1548.3250000000000000,-3.48655,15.83392875368,1.74861,36.9000000000000000,-3.29751,1.7850000000000000,-308.29063,4252.119759,-7.86463,-2.01946,7.1709041095890411,1682.1197500000000000,5316.3912500000000000
1971-01-01,56.5916666666666667,5.71557,13.4750000000000000,-168.84600,4.29276668813068,36.9,80.6000000000000000,4033.3833333333333333,-0.11926459999999999500,5.2663,0.45535,60.1583333333333333,5.9500000000000000,71.1073170731707,347.7856903765690377,1665.4250000000000000,41.86897,15.8393910161331,8.43785,38.1083333333333333,1.36706,1.7282500000000000,117.81039,4297.282895,17.20553,15.73992,4.6679452054794521,1650.5010000000000000,5491.4455000000000000
1972-01-01,56.9833333333333333,6.79722,12.3500000000000000,231.31891,3.27227824655272,36.7,91.8250000000000000,4227.3916666666666667,-0.45554882500000002000,5.77963,3.44428,60.3833333333333333,5.6000000000000000,71.1560975609756,303.1249800796812749,1812.9750000000000000,15.97413,15.8619159168245,13.214,39.7916666666666667,9.61680,1.6877500000000000,-29.90843,4516.734358,19.09901,15.91250,4.4371311475409836,1641.8030000000000000,5780.0482500000000000
1973-01-01,57.8250000000000000,15.04385,13.4500000000000000,-122.37780,6.17776006377044,36.1,76.8500000000000000,4489.7083333333333333,0.49231301749999998000,6.39234,4.22034,60.7750000000000000,4.8583333333333333,71.3560975609756,271.3054800000000000,1872.7000000000000000,-13.42088,15.940915810033,13.21366,45.0250000000000000,8.20115,1.7135000000000000,-54.63022,4713.330487,30.90089,16.99933,8.7422739726027397,1636.5320000000000000,6106.3705000000000000
1974-01-01,57.8250000000000000,10.84059,13.3000000000000000,-806.12374,11.0548048048047,35.5,64.4500000000000000,4440.0416666666666667,0.12957369000000000000,6.99853,1.92638,61.2750000000000000,5.6416666666666667,71.9560975609756,291.8446000000000000,1786.5916666666666667,-34.83508,16.0571278066669,6.31971,53.4833333333333333,-0.29176,1.7545000000000000,38.75428,4541.830703,13.72483,2.84742,10.5113972602739726,1672.5117500000000000,6073.3627500000000000
1975-01-01,56.0500000000000000,9.34270,13.4083333333333333,-138.01023,9.14314686496539,35.7,70.4250000000000000,4549.2000000000000000,1.07565685000000005000,7.75401,-1.67341,61.2333333333333333,8.4750000000000000,72.6048780487805,296.7848800000000000,1789.4500000000000000,-12.92623,16.2095044976729,3.32966,58.4166666666666667,-8.90973,1.7490000000000000,586.69775,4417.512241,-5.05986,-6.29166,5.8211780821917808,1709.3175000000000000,6060.8752500000000000
1976-01-01,56.8333333333333333,12.25342,11.6250000000000000,-479.28809,5.74481263549081,35.6,86.1500000000000000,4694.3833333333333333,0.23389461250000000000,8.63515,3.16070,61.5833333333333333,7.7000000000000000,72.8560975609756,296.4544047619047619,1907.8750000000000000,32.35611,16.4161990318981,13.75073,61.1333333333333333,7.88595,1.7247500000000000,-25.44501,4686.283359,26.06910,25.64423,5.0450819672131148,1718.2220000000000000,6387.4365000000000000
1977-01-01,57.8583333333333333,10.80719,10.6583333333333333,170.74700,6.5016839947284,35.5,87.6750000000000000,4842.3250000000000000,-0.68354004999999997500,9.5855,3.88936,62.2333333333333333,7.0500000000000000,73.2560975609756,268.6193600000000000,2014.2750000000000000,27.80673,16.6366663331236,18.11679,64.8750000000000000,7.64657,1.7045000000000000,-8.86623,4824.597268,16.95444,22.70488,5.5423013698630137,1738.9237500000000000,6682.8045000000000000
1978-01-01,59.3250000000000000,21.22401,10.7250000000000000,8.43337,7.63096383885606,34.8,79.4083333333333333,5063.1416666666666667,-0.66120047500000002500,10.70114,5.12027,63.1500000000000000,6.0666666666666667,73.3560975609756,210.3854000000000000,2026.9500000000000000,1.97519,16.8084893729941,19.40354,69.9416666666666667,5.50230,1.7775000000000000,-14.28068,4866.074825,20.35687,20.61566,7.9368767123287671,1788.7892500000000000,7052.7112500000000000
1979-01-01,59.9416666666666667,15.60320,10.3000000000000000,-4.70680,11.2544711292794,34.8,66.0250000000000000,5161.9666666666666667,-0.01244503250000000500,11.92888,3.57762,63.6500000000000000,5.8500000000000000,73.8048780487805,219.0168000000000000,1965.0500000000000000,-14.16254,16.93193770594,14.97968,78.7250000000000000,2.99365,1.8425000000000000,-36.00101,4922.312683,14.58420,12.80853,11.2027945205479452,1820.9792500000000000,7275.9992500000000000
1980-01-01,59.2083333333333333,17.57457,11.1083333333333333,-10.24384,13.5492019749685,34.7,64.4166666666666667,5201.0916666666666667,0.07388314999999999000,13.17218,0.66279,63.7750000000000000,7.1750000000000000,73.609756097561,226.6309163346613546,1869.8000000000000000,-24.28301,17.0245881421144,4.77069,89.8083333333333333,-2.58845,1.8552500000000000,142.99746,4749.052957,-6.25496,-1.76962,13.3497267759562842,1853.9380000000000000,7257.3165000000000000
1981-01-01,59.0250000000000000,24.08653,11.6583333333333333,9.48853,10.3347153402771,35.5,70.6750000000000000,5321.2083333333333333,0.15661037250000000000,14.55115,0.84013,63.8750000000000000,7.6166666666666667,74.009756097561,220.6281274900398406,1846.7166666666666667,-15.68288,17.143006690375,11.35982,98.0333333333333333,1.31433,1.9102500000000000,6.70567,4628.019975,-1.02930,19.07740,16.3863561643835616,1871.8647500000000000,7441.4850000000000000
1982-01-01,57.7833333333333333,14.42865,11.9666666666666667,6.66346,6.13142700027493,36.7,67.9750000000000000,5438.4833333333333333,-0.16185994500000001750,15.58421,-1.76092,63.9916666666666667,9.7083333333333333,74.3609756097561,249.0601195219123506,1896.5000000000000000,-3.55731,17.2713035417153,0.55175,100.0166666666666667,-5.18298,1.8267500000000000,80.04794,4385.177461,-12.59265,-7.95199,12.2376712328767123,1905.5055000000000000,7307.3140000000000000
1983-01-01,57.8666666666666667,9.35938,10.0833333333333333,62.89499,3.21243523316069,37.3,87.3833333333333333,5632.4000000000000000,-1.04802057500000003250,17.16703,0.67356,64.0083333333333333,9.6000000000000000,74.4634146341463,237.5535059760956175,2062.8000000000000000,61.29414,17.3502371484248,8.17389,101.2500000000000000,2.74308,1.7685000000000000,45.70709,4373.028419,9.31749,9.72117,9.0902739726027397,1976.6182500000000000,7642.2655000000000000
1984-01-01,59.5333333333333333,16.08423,11.2083333333333333,77.98862,4.30053547523424,37.3,97.4750000000000000,6009.0416666666666667,-2.3335962500000001,18.75254,4.71146,64.3666666666666667,7.5083333333333333,74.5634146341464,237.4621600000000000,2134.7500000000000000,3.56707,17.504439457033,16.38388,103.6750000000000000,8.91344,1.8197500000000000,-1.20245,4598.042726,10.50373,28.63810,10.2250819672131148,2046.0205000000000000,8195.2952500000000000
1985-01-01,60.1166666666666667,10.27463,9.1083333333333333,20.89860,3.54564415209365,37.6,93.1666666666666667,6194.5083333333333333,-2.7171815000000000,20.41167,3.15845,64.8083333333333333,7.1916666666666667,74.5634146341464,238.4673200000000000,2245.5833333333333333,-1.40599,17.7198061839134,8.42281,103.1500000000000000,1.22487,1.7952500000000000,9.43371,4602.38824,-4.40481,1.16597,8.0996712328767123,2182.5607500000000000,8537.0037500000000000
1986-01-01,60.6916666666666667,4.89469,8.7750000000000000,3.99414,1.89804772234276,37.6,94.7916666666666667,6430.2750000000000000,-3.2120764999999999,21.7166,2.01872,65.2416666666666667,7.0000000000000000,74.6146341463415,168.3496015936254980,2381.7666666666666667,4.04843,17.8678039843743,5.15319,100.1666666666666667,1.01355,1.7535000000000000,1.72312,4605.299068,-16.02643,2.34984,6.7994794520547945,2301.0637500000000000,8832.6112500000000000
1987-01-01,61.5250000000000000,3.61769,7.5416666666666667,9.78690,3.6645632175169,37.2,90.6416666666666667,6547.5750000000000000,-3.3093297499999999,23.14617,2.63013,65.5750000000000000,6.1750000000000000,74.7658536585366,144.6022619047619048,2448.8916666666666667,-10.01242,17.995093908333,3.60903,102.8083333333333333,5.21281,1.7447500000000000,-21.48071,4756.601275,28.47282,5.06744,6.6603561643835616,2367.8502500000000000,9137.7447500000000000
1988-01-01,62.2833333333333333,6.71502,8.4000000000000000,-19.49517,4.07774110744403,37.7,93.7333333333333333,6878.6916666666666667,-2.3161410000000000,25.05522,3.19339,65.9083333333333333,5.4916666666666667,74.7658536585366,128.1741832669322709,2478.2000000000000000,-8.74987,18.2745634536756,5.11014,106.9416666666666667,5.17439,1.7862500000000000,-14.08297,4984.97043,19.27166,5.01980,7.5718032786885246,2397.2447500000000000,9519.4267500000000000
1989-01-01,62.9416666666666667,8.77115,8.2750000000000000,-20.21414,4.82700303008954,38.2,92.7583333333333333,7078.7750000000000000,-1.7662430000000000,26.91192,2.53522,66.4416666666666667,5.2583333333333333,75.0170731707317,138.0738247011952191,2463.9416666666666667,-7.10765,18.5192038742443,5.57061,112.2416666666666667,0.90564,1.8470000000000000,10.17976,5060.946773,1.32570,6.69589,9.2149041095890411,2465.2987500000000000,9869.0032500000000000
1990-01-01,62.8000000000000000,7.18905,8.3583333333333333,-7.65052,5.39795643990325,38.3,81.6166666666666667,7224.8500000000000000,-1.3257190250000000,28.65926,1.37070,66.5333333333333333,5.6166666666666667,75.2146341463415,144.9986852589641434,2466.4500000000000000,-12.94543,18.5681451397358,2.15956,116.2916666666666667,0.96168,1.8505000000000000,50.21775,5021.814482,5.35778,-0.62536,8.0965205479452055,2544.1890000000000000,10055.1285000000000000
1991-01-01,61.6500000000000000,5.29743,8.9166666666666667,-34.42529,4.23496396453849,38.0,77.5500000000000000,7286.1500000000000000,0.05252772500000000000,29.67088,-0.99868,66.1666666666666667,6.8500000000000000,75.3658536585366,134.5909163346613546,2454.4583333333333333,-16.15875,18.6801781928746,-2.3983,116.5333333333333333,-1.47374,1.8425000000000000,15.38922,4971.1206,8.39215,-4.94293,5.6850136986301370,2574.7377500000000000,10044.2375000000000000
1992-01-01,61.4666666666666667,0.83093,9.3833333333333333,27.54891,3.02881967814969,38.4,77.2500000000000000,7576.1500000000000000,-0.78683382499999999000,31.58287,0.33069,66.4416666666666667,7.4916666666666667,75.6170731707317,126.7801185770750988,2426.6083333333333333,19.09955,18.8369994039504,4.35608,117.1916666666666667,2.92521,1.9152500000000000,21.21287,5062.695567,8.81152,7.27095,3.5210655737704918,2586.6665000000000000,10398.0462500000000000
1993-01-01,61.7083333333333333,1.48328,7.8333333333333333,36.76541,2.95165696638559,40.4,82.7916666666666667,7698.9166666666666667,-1.23286175000000000000,33.49713,1.96911,66.3000000000000000,6.9083333333333333,75.419512195122,111.0754761904761905,2380.8916666666666667,7.50503,18.9112477757678,6.58256,118.9083333333333333,3.28591,1.9940000000000000,-31.19912,5165.350744,6.65607,9.26147,3.0213424657534247,2565.4857500000000000,10684.1787500000000000
1994-01-01,62.5250000000000000,3.01857,6.8000000000000000,30.33625,2.60744159215457,40.0,92.2666666666666667,7908.4916666666666667,-1.6654160000000000,35.52092,3.11084,66.5750000000000000,6.1000000000000000,75.619512195122,102.1789641434262948,2350.1833333333333333,11.95561,19.0144698267264,7.90906,120.4500000000000000,5.26629,2.0922500000000000,-16.53788,5240.403217,22.77073,13.52146,4.2063287671232877,2567.6562500000000000,11114.6462500000000000
1995-01-01,62.8833333333333333,9.81361,6.8500000000000000,5.42665,2.80541968853654,39.9,92.2416666666666667,8169.3333333333333333,-1.4890807500000000,37.33905,2.64405,66.6250000000000000,5.5916666666666667,75.6219512195122,93.9649402390438247,2333.1833333333333333,-5.87828,19.1057036620804,7.20505,124.7583333333333333,4.63499,2.1487500000000000,-23.19131,5305.258704,14.35580,4.85519,5.8343013698630137,2580.7670000000000000,11413.0122500000000000
1996-01-01,63.1750000000000000,2.17469,6.3416666666666667,7.18635,2.93120419993445,40.3,93.6083333333333333,8423.2916666666666667,-1.5442292500000000,39.46085,2.05192,66.7666666666666667,5.4083333333333333,76.0268292682927,108.7800000000000000,2377.1833333333333333,7.91085,19.0940260266574,7.98061,127.6833333333333333,4.54488,2.1647500000000000,-23.37924,5503.136893,8.00930,8.69574,5.3004644808743169,2604.7047500000000000,11843.5990000000000000
1997-01-01,63.7750000000000000,1.55894,6.0416666666666667,6.05653,2.33768993730738,40.5,103.2166666666666667,8723.7666666666666667,-1.6391267500000000,41.65926,2.59627,67.1083333333333333,4.9416666666666667,76.4292682926829,121.0581274900398406,2445.4166666666666667,0.40286,19.0073819679811,7.55655,127.6000000000000000,7.18818,2.1850000000000000,-97.54568,5576.384129,9.38956,11.42036,5.4615068493150685,2647.4145000000000000,12370.2995000000000000
1998-01-01,64.0750000000000000,-0.00848,6.4750000000000000,27.27479,1.55227909874361,40.0,104.6166666666666667,9238.1166666666666667,-2.3688472500000001,44.22097,2.60812,67.0833333333333333,4.5000000000000000,76.5804878048781,130.9891666666666667,2580.2750000000000000,9.94066,18.8956615325535,8.94915,124.4333333333333333,5.88215,2.1550000000000000,-2093.80759,5612.864254,-10.00859,8.84122,5.3509315068493151,2711.6382500000000000,12924.875750000000
1999-01-01,64.2666666666666667,-3.66148,4.6083333333333333,43.11518,2.18802719697358,40.0,105.8250000000000000,9537.3583333333333333,-2.9707840000000001,47.27957,2.45178,67.0833333333333333,4.2166666666666667,76.5829268292683,113.7342460317460317,2711.5333333333333333,1.60892,18.7598150298028,8.81372,125.4750000000000000,4.37139,2.1317500000000000,195.8737,5676.250234,7.00535,8.65956,4.9723561643835616,2800.1650000000000000,13543.774000000000
2000-01-01,64.4083333333333333,0.43855,4.2916666666666667,32.62667,3.37685727149929,40.1,107.5750000000000000,10003.6500000000000000,-3.9190707500000001,50.91684,2.15851,67.0666666666666667,3.9666666666666667,76.6365853658537,107.8040476190476190,2781.7083333333333333,-4.48728,18.5906938495146,8.11002,132.7416666666666667,3.87734,2.1400000000000000,58.46142,5864.979041,-3.04251,8.02036,6.2374316939890710,2851.1652500000000000,14096.033000000000
2001-01-01,63.6666666666666667,-6.36159,4.6750000000000000,-5.55007,2.82617111885407,40.6,89.2416666666666667,10297.3583333333333333,-3.7258545000000000,53.22385,0.04520,66.8333333333333333,4.7416666666666667,76.8365853658537,121.5680400000000000,2939.0333333333333333,1.76907,18.5145589356825,0.51819,134.1916666666666667,-3.03201,2.0345000000000000,-62.16917,5755.491594,-1.01329,-5.08075,3.8783561643835616,2958.6615000000000000,14230.726000000000
2002-01-01,62.7333333333333333,-9.04346,5.5750000000000000,13.68369,1.58603162650601,40.4,89.5833333333333333,10614.5333333333333333,-4.1711790000000001,55.29417,-1.09310,66.5833333333333333,5.7833333333333333,76.9365853658537,125.2204382470119522,3108.3500000000000000,6.81274,18.4572281245689,-1.29517,131.1166666666666667,0.32500,1.9552500000000000,-340.27016,5793.81817,18.05549,-0.22866,1.6667945205479452,3090.5145000000000000,14472.711500000000
2003-01-01,62.2666666666666667,-3.17007,5.1916666666666667,13.68636,2.27009497336115,40.8,87.6250000000000000,10884.391666666667,-4.5624612499999998,58.24211,-0.23533,66.2416666666666667,5.9916666666666667,77.0365853658537,115.9386852589641434,3250.6583333333333333,8.39059,18.3995136642133,5.22761,138.1250000000000000,1.29506,1.9152500000000000,72.68306,5865.240171,20.21339,5.00608,1.1264931506849315,3153.8860000000000000,14877.312500000000
2004-01-01,62.3500000000000000,4.90238,4.6500000000000000,23.00714,2.67723669309172,40.3,95.2000000000000000,11233.175000000000,-5.1973320000000000,61.93807,1.09603,65.9833333333333333,5.5416666666666667,77.4878048780488,108.1508300395256917,3317.1333333333333333,5.16521,18.3982797829746,9.1316,146.6750000000000000,2.67267,1.9492500000000000,0.25975,5963.808672,30.02247,12.54025,1.3503278688524590,3202.1960000000000000,15449.757250000000
2005-01-01,62.6833333333333333,12.53268,2.2500000000000000,17.95061,3.3927468454955,41.0,88.5500000000000000,11364.858333333333,-5.7406537500000003,65.97919,1.71998,66.0333333333333333,5.0833333333333333,77.4878048780488,110.1069322709163347,3346.7666666666666667,6.33068,18.4400461890523,10.62013,157.4000000000000000,3.35237,1.9952500000000000,-19.49321,5989.183004,31.32837,11.11087,3.2170684931506849,3226.1927500000000000,15987.957500000000
2006-01-01,63.1166666666666667,8.08342,2.7750000000000000,7.19804,3.22594410070406,41.4,87.3083333333333333,11777.783333333333,-5.9121462500000003,69.80288,1.79872,66.1666666666666667,4.6083333333333333,77.6878048780488,116.3120717131474104,3411.9750000000000000,-12.59095,18.4966660933602,6.43255,164.7500000000000000,2.28087,2.0090000000000000,-34.86687,5906.163297,10.32784,6.55829,4.9654246575342466,3277.2435000000000000,16433.147500000000
2007-01-01,62.9750000000000000,9.60904,2.5250000000000000,-2.31953,2.85267248150136,40.8,85.5833333333333333,12054.300000000000,-5.0941637499999998,73.33424,1.13353,66.0333333333333333,4.6166666666666667,77.9878048780488,117.7623228346456693,3519.6083333333333333,-25.94398,18.6053319261046,1.51518,172.6583333333333333,2.56412,1.9832500000000000,-9.97487,5996.429314,-2.80773,-1.03461,5.0173150684931507,3335.8565000000000000,16762.445500000000
2008-01-01,62.1833333333333333,-4.79940,4.1333333333333333,0.91930,3.83910029665096,40.8,63.7500000000000000,12244.325000000000,-4.7145527500000001,75.61781,-0.54622,66.0250000000000000,5.8000000000000000,78.0390243902439,103.3906349206349206,3619.9000000000000000,-32.92759,18.8572873201025,-2.92888,189.5916666666666667,-3.46122,1.8967500000000000,341.66485,5803.598894,-16.84148,-7.31000,1.9241803278688525,3420.0865000000000000,16781.484750000000
2009-01-01,59.3416666666666667,-8.71910,5.7333333333333333,-38.30152,-0.355546266299717,40.6,66.2583333333333333,12273.441666666667,-2.6220415000000000,74.42242,-4.32495,65.4000000000000000,9.2833333333333333,78.390243902439,93.6826587301587302,3922.4416666666666667,-38.44444,19.1493047246615,-13.1711,172.9083333333333333,-11.38316,1.7202500000000000,58.57943,5395.847121,10.05250,-22.11603,0.15860273972602739726,3542.7145000000000000,16349.110500000000
2010-01-01,58.4750000000000000,7.60282,5.9250000000000000,26.16887,1.64004344238988,40.0,71.8416666666666667,12505.291666666667,-2.8711715000000001,77.19918,-0.72771,64.7083333333333333,9.6083333333333333,78.5414634146342,87.7816800000000000,3955.4416666666666667,5.68592,19.4146351239545,1.20128,184.7333333333333333,5.55919,1.7445000000000000,-3.41899,5585.184751,23.40816,12.22023,0.17624657534246575342,3539.6542500000000000,16789.750500000000
2011-01-01,58.3750000000000000,11.52188,6.5500000000000000,14.17799,3.15684156862202,40.9,67.3500000000000000,12775.250000000000,-2.9202197500000000,80.49919,1.21610,64.1083333333333333,8.9333333333333333,78.6414634146341,79.6966533864541833,4114.4083333333333333,4.51181,19.8104155083314,6.05426,201.0500000000000000,3.14202,1.6865000000000000,-1.89332,5449.900033,-1.05892,7.71607,0.10150684931506849315,3426.8517500000000000,17052.410500000000
2012-01-01,58.5583333333333333,-0.66231,7.8583333333333333,0.71018,2.06933726526057,40.9,76.5416666666666667,13125.383333333333,-2.5744380000000001,83.12121,1.69390,63.7000000000000000,8.0750000000000000,78.7414634146342,79.8180079681274900,4377.1083333333333333,28.08117,20.3441057348675,8.50706,202.1583333333333333,3.03018,1.6177500000000000,-15.26189,5229.594013,18.33033,12.39801,0.14057377049180327869,3355.9575000000000000,17442.759250000000
2013-01-01,58.6000000000000000,-1.49027,4.9666666666666667,-5.56667,1.46483265562717,40.7,79.2083333333333333,12937.191666666667,-2.0134705000000001,85.68617,1.64282,63.2583333333333333,7.3583333333333333,78.7414634146342,97.5971314741035857,4604.7250000000000000,18.42637,20.8662551736736,5.14283,203.4083333333333333,2.01528,1.5737500000000000,-47.02816,5361.090748,-1.22460,8.26063,0.10734246575342465753,3275.5902500000000000,17812.167000000000
2014-01-01,59.0083333333333333,5.46843,5.4666666666666667,6.56068,1.62222297740827,41.5,84.1250000000000000,13383.675000000000,-2.1009892500000000,89.34451,1.87839,62.8833333333333333,6.1583333333333333,78.8414634146341,105.7398000000000000,4811.2916666666666667,7.76621,21.2753487246214,7.82197,205.3166666666666667,2.99967,1.5460000000000000,-13.41726,5417.285716,4.82389,8.30258,0.08849315068493150685,3247.2627500000000000,18261.714250000000
2015-01-01,59.3333333333333333,-2.23415,5.8500000000000000,1.34509,0.118627135552451,41.2,92.9416666666666667,13908.575000000000,-2.2323912500000001,92.52714,2.07440,62.6583333333333333,5.2750000000000000,78.690243902439,121.0490836653386454,5082.3833333333333333,10.64734,21.5860419772798,5.06939,190.4416666666666667,-1.41091,1.5187500000000000,-1.67516,5267.385812,-5.44036,6.97794,0.13372602739726027397,3313.5737500000000000,18799.622000000000
2016-01-01,59.7333333333333333,5.82862,5.3583333333333333,-1.14135,1.26158320570527,41.1,91.8416666666666667,14172.250000000000,-2.1082109999999999,95.75798,1.78501,62.8000000000000000,4.8750000000000000,78.5390243902439,108.6569322709163347,5358.0500000000000000,6.35494,22.1791970006815,2.94097,185.3750000000000000,-2.14856,1.4625000000000000,21.58988,5179.779041,1.22218,-0.30945,0.39319672131147540984,3378.5082500000000000,19141.672250000000
2017-01-01,60.1250000000000000,4.92881,5.7583333333333333,7.71609,2.1301100036598,41.2,96.7666666666666667,14613.966666666667,-1.8748775000000000,100.0,1.57859,62.8500000000000000,4.3583333333333333,78.5390243902439,112.0985542168674699,5544.5583333333333333,2.34336,22.8700619407421,5.8506,193.5333333333333333,1.32213,1.4427500000000000,17.10788,5143.668483,7.19112,5.77612,1.0029589041095890,3397.1405000000000000,19612.102500000000
2018-01-01,60.4416666666666667,13.41192,6.4333333333333333,9.90997,2.44258329692807,41.4,98.3666666666666667,15143.616666666667,-2.1268155000000000,104.84395,1.55906,62.8833333333333333,3.8916666666666667,78.6390243902439,110.3973895582329317,5616.8666666666666667,3.50028,23.4394842925266,6.86505,201.9500000000000000,3.15658,1.4645000000000000,28.30994,5295.585047,1.11019,7.41439,1.8349315068493151,3464.9995000000000000,20193.895250000000
2019-01-01,60.7833333333333333,6.79481,7.3750000000000000,-2.42214,1.81221007526012,41.5,95.9833333333333333,15608.908333333333,-2.0545500000000000,108.4794,1.34954,63.1000000000000000,3.6750000000000000,78.7878048780488,109.0188353413654618,5795.9250000000000000,3.58241,24.1198200811779,4.45993,199.8416666666666667,-0.70253,1.4525000000000000,17.12455,5159.726035,2.84467,4.50043,2.1572602739726027,3601.3505000000000000,20692.086750000000
2020-01-01,56.7666666666666667,-9.69527,15.2083333333333333,6.04042,1.23358439630638,39.7,81.5416666666666667,16607.466666666667,-2.8221164999999999,106.889,-5.79268,61.7500000000000000,8.0916666666666667,76.9804878048781,106.7754400000000000,6817.8416666666666667,7.90425,24.8576387348813,0.15638,194.3750000000000000,-7.13434,1.21450000000000000000,227.45015,4594.7178,5.28411,-3.70076,0.37224043715846994536,3715.5030000000000000,20234.074000000000
2021-01-01,58.3583333333333333,10.20039,11.1083333333333333,18.70008,4.69785886363742,39.8,77.6166666666666667,17138.716666666667,-3.6735635000000000,120.70874,2.89201,61.6666666666666667,5.3500000000000000,76.3292682926829,109.8428915662650602,7566.9500000000000000,15.15278,25.6290568978407,9.32069,227.3444166666666667,4.39013,1.15025000000000000000,-22.92311,4911.226943,30.04122,12.48278,0.07868493150684931507,3704.7290000000000000,21407.692500000000
2022-01-01,59.9666666666666667,26.30086,3.3250000000000000,9.55771,8.00279982052121,,58.9750000000000000,16117.050000000000,-3.9409765000000000,131.76,4.27645,62.2416666666666667,3.6333333333333333,77.4341463414634,131.4589200000000000,7377.2583333333333333,-3.28712,26.3864987964085,8.83924,264.4810000000000000,3.43681,1.19300000000000000000,-44.95949,,4.78243,12.81696,1.6921917808219178,3670.4405000000000000,21822.036500000000
2023-01-01,60.3166666666666667,30.58255,4.4583333333333333,-9.48578,4.11633838374488,,65.3500000000000000,16783.975000000000,-3.3109912500000001,139.7272,2.31701,62.6250000000000000,3.6250000000000000,,140.5001204819277108,6840.9416666666666667,-8.41387,27.1681604300174,,255.7299166666666667,0.15943,1.3127500000000000,,,-0.20274,1.83423,5.0258630136986301,3819.7270000000000000,22376.906500000000
2024-01-01,.,.,.,.,,,.,.,.,,.,.,.,,.,.,.,,,.,.,.,,,.,.,.,.,.
